关键词,出现次数
,546
点击,262
真相,251
谣言,28
辟谣,18
信息,17
原文,15
视频,9
标签,8
网民,8
相关,6
情况,6
病毒,6
发布,6
微博,5
来源,5
链接,5
使用,5
网传,5
预防,5
网络,5
行为,5
备用,5
传播,5
发现,5
上海,5
造谣,5
互联网,4
专区,4
网友,4
采样,4
朋友圈,3
研究,3
网上,3
银行,3
国家,3
防控,3
不信,3
中心,3
了解到,3
发生,3
保险,3
数据,3
依法,3
传谣,3
平台,3
检测,3
社会,2
改革,2
招聘,2
市民,2
草莓,2
举报,2
冠状,2
院士,2
显示,2
全面,2
疾控中心,2
钟南山,2
疾病,2
违法,2
官方,2
转发,2
健康,2
西安市,2
公安,2
报道,2
环境,2
周岁,2
不实,2
治疗,2
手机,2
养老金,2
资金,2
交警,2
一定,2
存在,2
出现,2
大蒜素,2
客户,2
食物,2
消毒,2
成绩,2
荧光,2
退休,2
身体,2
收支,2
疫情,2
指挥部,2
所有,2
纤维,2
核酸,2
水质,2
中国,2
灭菌,2
器械,2
全国,2
儿童,2
负责人,2
微信,2
症状,2
核实,2
基金,2
事实,2
观察者,2
医疗,2
地震,2
新冠,2
感染,2
拭子,2
机动车,2
人体,2
公安部,2
缺氧,1
考生,1
媒体中心,1
灾害,1
山体,1
市融,1
涂抹,1
监利,1
计划,1
都江堰,1
棉签,1
搜索,1
发布者,1
隔离,1
本轮,1
严重,1
过程中,1
客户端,1
关停,1
广西,1
猪肉,1
平南县,1
屠宰场,1
权威,1
水面,1
大明湖,1
恶意,1
义乌市,1
补贴,1
现象,1
牢记,1
岗位,1
鱼儿,1
二维码,1
网警,1
集体,1
圈群,1
武汉,1
面试,1
交警支队,1
事业单位,1
本科,1
深圳,1
有毒,1
枢纽,1
大运,1
流行性,1
老鼠,1
措施,1
长安区,1
出血热,1
虚假,1
纯属,1
全日制,1
落户,1
责任,1
成都,1
常态化,1
通知,1
工作,1
济南市,1
两类,1
抗病,1
咬伤,1
学狗叫,1
性强,1
狂犬病,1
可至,1
实现,1
换乘,1
参加,1
固安县,1
受到,1
笔试,1
肇庆,1
正确,1
执行,1
材料,1
说法,1
低矮,1
道路交通安全法实施条例,1
当事人,1
我院,1
农药,1
法院,1
结构,1
窗口,1
杀灭,1
体外,1
茶水,1
实验,1
清除,1
心脏,1
赵全明,1
支架,1
心血管,1
内硬,1
斑块,1
地铁,1
金属,1
白血病,1
致癌,1
牛奶,1
保质期,1
防腐剂,1
保存,1
普遍,1
采用,1
有的人,1
没必要,1
一般为,1
咖啡,1
令人担忧,1
醒脑,1
放松,1
提神,1
有害,1
用于,1
褥疮,1
微生物,1
放入,1
医院,1
病情,1
冰箱,1
冷藏,1
一周,1
放进,1
储藏,1
病原体,1
保鲜,1
容易,1
冷冻,1
医用酒精,1
浓度,1
作用,1
皮肤,1
一些,1
治愈率,1
民间,1
洪湖市,1
警方,1
某宝,1
华山,1
宜宾,1
疯传,1
数千人,1
可歌可泣,1
颠倒是非,1
万众一心,1
以讹传讹,1
一条,1
病亡,1
暂时,1
良好,1
需求量,1
特别是,1
血红素,1
食用,1
杨梅,1
虫子,1
花青素,1
冲洗,1
成熟,1
说明,1
染色剂,1
蛏子,1
水果,1
补铁,1
红糖,1
每天,1
经期,1
动物,1
加重,1
损害,1
角膜,1
板腺,1
新闻联播,1
引用,1
数字,1
雷击,1
避雷针,1
成千上万,1
电阻,1
建筑物,1
空气,1
放电,1
饰品,1
还款,1
能力,1
工资,1
申请,1
统计,1
约翰·霍普金斯大学,1
美国,1
日媒,1
日本,1
Kymriah,1
发明,1
特效药,1
宣布,1
生存,1
党史,1
确保,1
中央网信办,1
重要,1
诚信,1
内容,1
辟谣：,1
企业,1
判断,1
收入,1
丹妮,1
需要,1
同仁医院,1
配药,1
剂量,1
减半,1
用药,1
计算,1
服药,1
安检仪,1
获得,1
准确,1
进行,1
干眼症,1
眼药水,1
泪膜,1
应用,1
核辐射,1
受到影响,1
低保,1
五保户,1
截图,1
属于,1
民政局,1
未婚,1
当地,1
单身,1
电脑,1
义务,1
谣记,1
电离,1
射线,1
辐照,1
里面,1
临沂市,1
卫生,1
每天下午,1
目录,1
天津市,1
社会秩序,1
快餐店,1
人贩子,1
报警,1
最好,1
生物学,1
是不是,1
主要,1
一次性,1
允许,1
年限,1
待遇,1
居民,1
缴费,1
补缴,1
显示屏,1
新增,1
以上,1
行车道,1
出发,1
标志,1
机场,1
限速,1
浦东,1
航站楼,1
部门,1
起火,1
位于,1
水平,1
可持续,1
处理,1
医保局,1
看到,1
真实,1
不明真相,1
法律责任,1
处罚,1
道路,1
浏览,1
开车,1
安全,1
驾驶员,1
高架,1
上海市,1
有鼻子有眼,1
郑重其事,1
杭州,1
最高,1
公里,1
地区,1
上调,1
高速,1
费用,1
收费站,1
更大,1
增加,1
吸烟,1
正解,1
几率,1
减低,1
抵抗力,1
火灾,1
门店,1
特斯拉,1
苏州,1
选入,1
统编,1
作品,1
教材,1
语文,1
鲁迅,1
无菌,1
精加工大米,1
乳腺增生,1
大豆,1
柿子,1
螃蟹,1
好处,1
脚气,1
小鱼足疗,1
猴痘病毒,1
死鸟,1
致癌 ,1
蚝油,1
不达标,1
手术,1
四次核酸,1
骨折儿童,1
拐卖,1
油烟机,1
山东,1
养生,1
锻炼,1
撞树,1
人民教育出版社,1
教科书,1
中小学,1
线虫,1
咽喉炎,1
新型,1
清洁,1
呼吸道,1
漱口,1
盐水,1
自然界,1
水体,1
鱼类,1
避免,1
昆虫,1
麦地那,1
寄生虫,1
犯罪,1
先生,1
依据,1
我国,1
主任,1
陈士渠,1
办公室,1
打拐办,1
群众,1
国标,1
起草,1
高度,1
研究所,1
管理科学,1
红绿灯,1
事件,1
造谣者,1
前兆,1
文件,1
mRNA,1
活疫苗,1
技术,1
江苏省,1
近日,1
自媒体,1
福建,1
平均分,1
数学,1
高考,1
途径,1
西藏自治区,1
名新冠,1
藏医院,1
程序,1
记录,1
查询,1
疫苗,1
接种,1
蛋白质,1
保护套,1
组织,1
一个,1
肺脏,1
肿瘤,1
穿刺,1
伪科学,1
感冒,1
文章,1
落后,1
直接,1
流传,1
乙烷,1
十里堡,1
沂水县,1
了解,1
山东济南,1
湖北,1
天门,1
草丛,1
退役,1
黄冈市,1
烈士陵园,1
事务局,1
军人,1
西安,1
地表水,1
湖泊,1
影响,1
文力,1
江河,1
水源地,1
暴雨,1
城市,1
自来水,1
黎某,1
调查,1
琼山区,1
医生,1
贵宾,1
胸外科,1
环氧,1
排毒,1
洋葱,1
住房,1
政策,1
延迟,1
人力资源,1
年龄,1
锁定,1
提前,1
档案,1
规定,1
年审,1
检验,1
车管所,1
非法,1
服务,1
具备,1
身份证,1
借用,1
广告,1
持卡人,1
社保,1
电流,1
烧机,1
家里,1
台风,1
格力,1
提醒,1
电器,1
空调,1
同样,1
变少,1
交管,1
方案,1
老龄化,1
社会保障部,1
参保,1
收紧,1
暂停,1
贷款,1
房地产,1
房贷,1
戴越,1
对此,1
节日,1
愚人节,1
消防战士,1
纪念日,1
管理部,1
咨询,1
入账,1
中考,1
支取,1
北京市,1
存折,1
医保,1
病例,1
感染者,1
全省,1
艾滋病,1
考试,1
录取,1
招生,1
往届,1
教育部,1
社交,1
